<?xml version="1.0" encoding="UTF-8" standalone="yes"?>
<students>
    <student>
        <id>1</id>
        <name>Nguyễn Việt Anh</name>
        <diem>90000.0</diem>
        <mon>Có</mon>
        <khoi>Đoàn viên</khoi>
    </student>
    <student>
        <id>2</id>
        <name>Vũ Hà Trang</name>
        <diem>1000000.0</diem>
        <mon>có</mon>
        <khoi>Đảng viên</khoi>
    </student>
    <student>
        <id>3</id>
        <name>Nguyễn Hùng</name>
        <diem>300000.0</diem>
        <mon>Có</mon>
        <khoi>Chưa kết nạp</khoi>
    </student>
    <student>
        <id>4</id>
        <name>Hùng</name>
        <diem>80000.0</diem>
        <mon>Có</mon>
        <khoi>Đoàn viên</khoi>
    </student>
    <student>
        <id>5</id>
        <name>Phước</name>
        <diem>1.0E7</diem>
        <mon>Có</mon>
        <khoi>Đoàn viên</khoi>
    </student>
    <student>
        <id>6</id>
        <name>Phước 2</name>
        <diem>50000.0</diem>
        <mon>Không</mon>
        <khoi>Chưa kết nạp</khoi>
    </student>
</students>
